,maintenance_priority,engine_id,cycle,actual_RUL,predicted_RUL,lower_95,upper_95,failure_probability,risk_level,RUL_reducing_drivers,recommendation
4699,1,23,135,33,32.18015,0.0,72.60658645629883,0.4698058,High,"sensor_11 (-21.46), sensor_12 (-10.11), sensor_7 (-6.24)",Schedule priority inspection and maintenance planning
17098,2,84,214,53,28.866404,0.0,69.2928409576416,0.4350085,High,"sensor_11 (-24.01), sensor_4 (-11.93), sensor_12 (-7.18)",Schedule priority inspection and maintenance planning
18487,3,91,108,27,30.322023,0.0,70.74846076965332,0.40706822,High,"sensor_11 (-21.83), sensor_4 (-12.48), sensor_12 (-8.37)",Schedule priority inspection and maintenance planning
3902,4,19,127,31,37.834194,0.0,78.2606315612793,0.33751917,High,"sensor_11 (-27.52), sensor_4 (-11.91), sensor_12 (-7.01)",Schedule priority inspection and maintenance planning
14296,5,71,167,41,37.01497,0.0,77.44140625,0.27643389,High,"sensor_9 (-19.63), sensor_14 (-8.64), sensor_4 (-7.99)",Schedule priority inspection and maintenance planning
7788,6,40,151,37,32.438366,0.0,72.86480331420898,0.19603671,High,"sensor_9 (-11.47), sensor_11 (-10.66), sensor_4 (-8.53)",Schedule priority inspection and maintenance planning
2676,7,13,131,32,33.25129,0.0,73.67772674560547,0.18376876,High,"sensor_9 (-14.11), sensor_11 (-13.76), sensor_4 (-9.23)",Schedule priority inspection and maintenance planning
6373,8,32,153,38,32.836765,0.0,73.26320266723633,0.10164036,High,"sensor_11 (-17.60), sensor_12 (-8.83), sensor_20 (-6.04)",Schedule priority inspection and maintenance planning
6767,9,34,156,39,41.19079,0.7643508911132812,81.61722564697266,0.052466378,High,"sensor_9 (-26.83), sensor_14 (-14.58), sensor_11 (-11.52)",Schedule priority inspection and maintenance planning
15492,10,77,124,30,42.63653,2.210094451904297,83.06296920776367,0.17073418,High,"sensor_11 (-24.32), sensor_4 (-9.82), sensor_12 (-4.44)",Schedule priority inspection and maintenance planning
1062,11,5,216,53,44.553356,4.126918792724609,84.97979354858398,0.01969322,High,"sensor_9 (-24.05), sensor_14 (-10.76), sensor_4 (-10.25)",Schedule priority inspection and maintenance planning
16329,12,81,192,48,46.256905,5.830467224121094,86.68334197998047,0.12696372,High,"sensor_11 (-14.19), sensor_4 (-11.22), sensor_7 (-7.38)",Schedule priority inspection and maintenance planning
10735,13,54,206,51,51.29948,10.873043060302734,91.72591781616211,0.0015875523,High,"sensor_9 (-24.61), sensor_14 (-14.70), sensor_11 (-3.42)",Schedule priority inspection and maintenance planning
153,14,1,154,38,52.12759,11.701152801513672,92.55402755737305,0.25898844,High,"sensor_11 (-15.28), sensor_4 (-8.88), sensor_12 (-7.05)",Schedule priority inspection and maintenance planning
2327,15,11,192,48,55.637146,15.210708618164062,96.06358337402344,0.000562218,High,"sensor_9 (-23.22), sensor_14 (-11.04), sensor_4 (-6.90)",Schedule priority inspection and maintenance planning
8763,16,45,127,31,60.8372,20.410762786865234,101.26363754272461,0.0017865935,High,"sensor_9 (-18.38), sensor_11 (-9.65), sensor_14 (-5.44)",Schedule priority inspection and maintenance planning
14896,17,74,133,33,70.42937,30.0029296875,110.85580444335938,0.005151518,Low,"sensor_4 (-10.71), sensor_12 (-6.14), sensor_3 (-4.89)",Continue operation with routine condition monitoring
6174,18,31,188,46,75.217896,34.79145812988281,115.64433288574219,0.08290138,Low,"sensor_11 (-15.98), sensor_13 (-6.33), sensor_7 (-2.41)",Continue operation with routine condition monitoring
15707,19,78,185,46,78.80247,38.37602996826172,119.2289047241211,7.614262e-05,Low,"sensor_9 (-16.59), sensor_7 (-2.03), sensor_13 (-1.31)",Continue operation with routine condition monitoring
8999,20,46,205,51,99.43686,59.01042175292969,139.86329650878906,0.007003812,Low,"sensor_11 (-10.86), sensor_20 (-2.24), sensor_13 (-1.78)",Continue operation with routine condition monitoring
